Main,Control,Specification,id,Constant,ECI,TRADE,GQI,ICT,GDPPC,SE,GFCF,Adj_R,F_stat,AR1,AR2,BP,Arch,Ramsey_Reset,SW_Normality
FDI_GDP <- ECI_HS92,Trade_GDP,"Model 1.FDI_GDP/(ECI_HS92, Trade_GDP)",1,"-6.02545 
(6.07298)","-1.90244 
(3.82270)",-,-,-,-,-,-,0.1202,1.328000,"1.224902 
(0.288460310179483)","1.472508 
(0.26798409918481)","11.423766 
(0.325469128599981)","0.587212 
(0.443499235981163)","0.157881 
(0.696711297398716)","0.911686593206302** 
(0.0332443979978639)"
FDI_GDP <- ECI_HS92,GDP_capita,"Model 2.FDI_GDP/(ECI_HS92, GDP_capita)",2,"8.953e+00* 
(4.405e+00)","-2.746e+01 
(1.628e+01)",-,-,-,"-9.260e-04 
(5.572e-04)",-,-,0.1196,1.251000,"0.919223 
(0.360285564124655)","0.632925 
(0.553113594564915)","12.002228 
(0.52746120412269)","0.708726 
(0.399866960121772)","0.066521 
(0.80084088441658)","0.964225 
(0.504842673470076)"
FDI_GDP <- ECI_HS92,GFCF_GDP,"Model 3.FDI_GDP/(ECI_HS92, GFCF_GDP)",3,"-24.1992* 
(11.2004)","8.3891** 
(3.6112)",-,-,-,-,-,"1.3814** 
(0.5582)",0.5662,3.848000**,"0.421607 
(0.528369138715904)","0.389984 
(0.686068235170597)","7.327188 
(0.77200206882354)","3.97575840500965** 
(0.0461596621412468)","0.044288 
(0.836351536499645)","0.928686* 
(0.0810494759394903)"
FDI_GDP <- ECI_HS92,School_enrollment,"Model 4.FDI_GDP/(ECI_HS92, School_enrollment)",4,"62.62012*** 
(8.98412)","-32.43441*** 
(5.01281)",-,-,-,-,"-0.68178*** 
(0.10301)",-,0.7625,8.006000***,"0.814783 
(0.38447085554621)","0.816688 
(0.466984818493294)","10.018644 
(0.528710922627794)","0.703589 
(0.401580206850915)","1.084449 
(0.31535484837842)","0.895295348374106** 
(0.0145123957902748)"
FDI_GDP <- ECI_HS92,GovQualityIndex,"Model 5.FDI_GDP/(ECI_HS92, GovQualityIndex)",5,"2.35295 
(2.49046)","-4.12802 
(4.96382)",-,"0.82836 
(0.99218)",-,-,-,-,0.04819,1.152000,"3.536708* 
(0.07958425744673)","5.58214031154688** 
(0.0164969862447887)","9.110351 
(0.333072668637414)","0.176618 
(0.674296200703011)","0.009868 
(0.922031113963272)","0.917744453142116** 
(0.0455285295089797)"
FDI_GDP <- ECI_HS92,ICT_Index,"Model 6.FDI_GDP/(ECI_HS92, ICT_Index)",6,"-4.6331 
(3.3596)","-37.4110*** 
(11.8088)",-,-,"-8.3267*** 
(2.7347)",-,-,-,0.3419,2.134000*,"0.562607 
(0.467663913648933)","0.401818 
(0.678535746693989)","5.503299 
(0.904369346189348)","0.233766 
(0.628745537021556)","1.311535 
(0.27131769503465)","0.917652129110047** 
(0.0453095395056805)"
FDI_GDP <- ECI_HS92,"GDP_capita, Trade_GDP","Model 7.FDI_GDP/(ECI_HS92, GDP_capita, Trade_GDP)",7,"4.510e+01** 
(1.537e+01)","-8.932e+01*** 
(1.907e+01)",-,-,-,"-3.047e-03*** 
(6.380e-04)",-,-,0.7159,4.360000**,"3.902880 
(0.105172017200049)","1.655211 
(0.299388476491344)","16.757082 
(0.539861817209214)","1.819702 
(0.177348789503454)","0.244975 
(0.633941444915166)","0.982044 
(0.922380772308436)"
FDI_GDP <- ECI_HS92,"GFCF_GDP, Trade_GDP","Model 8.FDI_GDP/(ECI_HS92, GFCF_GDP, Trade_GDP)",8,"-65.87400*** 
(12.51634)","8.37698** 
(3.68784)",-,-,-,-,-,"2.49957*** 
(0.45937)",0.6549,4.796000***,"2.069231 
(0.178135564244879)","1.865839 
(0.204824453232122)","7.906941 
(0.792359711922964)","0.469908 
(0.493029435058211)","0.018803 
(0.892885386011479)","0.933922 
(0.107087256703346)"
FDI_GDP <- ECI_HS92,"School_enrollment, Trade_GDP","Model 9.FDI_GDP/(ECI_HS92, School_enrollment, Trade_GDP)",9,"86.86638*** 
(11.45307)","-40.59231*** 
(5.31074)",-,-,-,-,"-0.90953*** 
(0.10650)",-,0.8661,11.350000***,"2.159354 
(0.179899995541438)","3.001629 
(0.114461800710684)","11.739835 
(0.698605215657332)","0.202764 
(0.65249886730502)","1.780915 
(0.209003214793523)","0.918860703189176** 
(0.0482647575631101)"
FDI_GDP <- ECI_HS92,"GovQualityIndex, Trade_GDP","Model 10.FDI_GDP/(ECI_HS92, GovQualityIndex, Trade_GDP)",10,"-48.38688* 
(24.72716)","26.41115 
(17.23806)",-,"-8.49187 
(4.98080)",-,-,-,-,0.1194,1.181000,"3.041068 
(0.14163757856916)","1.288577 
(0.369865514204185)","19.682412 
(0.35098047836667)","0.216836 
(0.641461056090733)","1.383670 
(0.273290803197186)","0.953410 
(0.298809518456036)"
FDI_GDP <- ECI_HS92,"ICT_Index, Trade_GDP","Model 11.FDI_GDP/(ECI_HS92, ICT_Index, Trade_GDP)",11,"-18.84966*** 
(5.56848)","-37.54182*** 
(11.10901)",-,-,"-9.26049*** 
(2.42815)",-,-,-,0.5548,2.870000*,"0.429851 
(0.53301013094885)","1.242198 
(0.353664127584488)","20.195954 
(0.211524356297378)","1.771685 
(0.183173652790407)","0.590690 
(0.459918182319983)","0.974669 
(0.763572870512009)"
FDI_GDP <- ECI_HS92,"GDP_capita, GFCF_GDP","Model 12.FDI_GDP/(ECI_HS92, GDP_capita, GFCF_GDP)",12,"-4.377e+01*** 
(1.015e+01)","-1.222e+01 
(7.194e+00)",-,-,-,"-8.734e-04*** 
(2.664e-04)",-,"2.546e+00*** 
(4.943e-01)",0.6927,4.864000***,"0.496827 
(0.49873110122767)","3.616167* 
(0.0760841427660682)","8.738112 
(0.847452342274768)","0.050666 
(0.821907671770404)","0.051453 
(0.824372497980113)","0.910525400562038** 
(0.0313143978137109)"
FDI_GDP <- ECI_HS92,"GDP_capita, School_enrollment","Model 13.FDI_GDP/(ECI_HS92, GDP_capita, School_enrollment)",13,"9.879e+01*** 
(1.187e+01)","-3.157e+01*** 
(5.901e+00)",-,-,-,"7.648e-04*** 
(1.894e-04)","-1.121e+00*** 
(1.379e-01)",-,0.847,9.857000***,"1.352819 
(0.278302822762207)","5.53102745007156** 
(0.0362374882104755)","7.269420 
(0.949737698080802)","0.113620 
(0.736060078245436)","2.933421 
(0.114771097672103)","0.977932 
(0.841281201342322)"
FDI_GDP <- ECI_HS92,"GDP_capita, GovQualityIndex","Model 14.FDI_GDP/(ECI_HS92, GDP_capita, GovQualityIndex)",14,"1.960e+01** 
(6.670e+00)","-6.053e+01** 
(2.184e+01)",-,"-3.315e-01 
(1.423e+00)",-,"-2.032e-03** 
(7.541e-04)",-,-,0.289,1.574000,"1.388051 
(0.283340353091557)","1.607118 
(0.28907266894812)","12.434499 
(0.773143002189538)","0.032218 
(0.857549027351441)","0.172758 
(0.687407462924593)","0.946145 
(0.204963184698023)"
FDI_GDP <- ECI_HS92,"GDP_capita, ICT_Index","Model 15.FDI_GDP/(ECI_HS92, GDP_capita, ICT_Index)",15,"-4.533e+00 
(7.166e+00)","-6.156e+01** 
(1.684e+01)",-,-,"-1.160e+01** 
(3.985e+00)","-1.455e-04 
(6.528e-04)",-,-,0.5828,2.863000*,"0.025479 
(0.879426176906078)","0.184939 
(0.837879022710558)","21.273959 
(0.265817487088675)","0.311113 
(0.576997883596862)","0.368234 
(0.560790848991862)","0.977449 
(0.830344686436123)"
FDI_GDP <- ECI_HS92,"GFCF_GDP, School_enrollment","Model 16.FDI_GDP/(ECI_HS92, GFCF_GDP, School_enrollment)",16,"32.78768** 
(13.64892)","-23.54256*** 
(6.16655)",-,-,-,-,"-0.65053*** 
(0.10561)","1.44407*** 
(0.30958)",0.9061,17.530000,"0.261059 
(0.621690385449438)","3.268708* 
(0.0917087904753253)","11.970024 
(0.608710171068986)","0.825314 
(0.363630935551919)","0.005466 
(0.942284079751889)","0.964390 
(0.50861667562368)"
FDI_GDP <- ECI_HS92,"GFCF_GDP, GovQualityIndex","Model 17.FDI_GDP/(ECI_HS92, GFCF_GDP, GovQualityIndex)",17,"-84.16391*** 
(9.32153)","-4.01208 
(4.37423)",-,"2.26166** 
(0.64833)",-,-,-,"4.27031*** 
(0.44231)",0.8953,12.400000***,"0.023646 
(0.883802368608451)","0.316001 
(0.745731259452793)","20.601339 
(0.300000816149355)","1.094508 
(0.295474458644733)","0.133224 
(0.724573649720076)","0.965319 
(0.530150736755153)"
FDI_GDP <- ECI_HS92,"GFCF_GDP, ICT_Index","Model 18.FDI_GDP/(ECI_HS92, GFCF_GDP, ICT_Index)",18,"-22.03096 
(11.77080)","-18.89636* 
(8.52457)",-,-,"-7.59071*** 
(1.77980)",-,-,"1.12269* 
(0.56698)",0.8055,6.523000**,"0.138111 
(0.725395195096918)","1.187479 
(0.393699912276535)","18.890848 
(0.39857384623961)","0.006936 
(0.933627752319108)","0.109787 
(0.748899312795734)","0.971558 
(0.684772427808269)"
FDI_GDP <- ECI_HS92,"GovQualityIndex, School_enrollment","Model 19.FDI_GDP/(ECI_HS92, GovQualityIndex, School_enrollment)",19,"82.732868*** 
(13.900167)","-43.797115*** 
(11.519659)",-,"-0.534655 
(1.059187)",-,-,"-0.855916*** 
(0.149808)",-,0.8042,6.475000**,"0.680662 
(0.446918813568626)","0.706304 
(0.546143761495456)","11.260039 
(0.882997612913766)","0.077301 
(0.780988898055991)","1.422127 
(0.267222199961995)","0.914809621894255** 
(0.0390756998515619)"
FDI_GDP <- ECI_HS92,"ICT_Index, School_enrollment","Model 20.FDI_GDP/(ECI_HS92, ICT_Index, School_enrollment)",20,"106.31990*** 
(24.53657)","-59.72272*** 
(9.98164)",-,-,"-0.09517 
(2.31734)",-,"-1.15831*** 
(0.25285)",-,0.8398,7.988000***,"0.975791 
(0.368600799661148)","2.528296 
(0.195069959597418)","12.342224 
(0.829074971523049)","4.98679415445175** 
(0.0255414863968578)","0.755040 
(0.41019524555697)","0.948770 
(0.235183032106769)"
FDI_GDP <- ECI_HS92,"GovQualityIndex, ICT_Index","Model 21.FDI_GDP/(ECI_HS92, GovQualityIndex, ICT_Index)",21,"-8.32749** 
(3.29601)","-55.82656*** 
(14.24964)",-,"2.46091* 
(1.02169)","-9.12987** 
(3.32994)",-,-,-,0.6215,3.189000*,"3.644623 
(0.114519939138152)","7.58964218989674** 
(0.043496587433196)","19.227455 
(0.377944425401833)","0.231016 
(0.630771807927148)","0.084033 
(0.779276096014355)","0.971128 
(0.673775126461043)"
FDI_GDP <- ECI_HS92,"GDP_capita, GFCF_GDP, Trade_GDP","Model 22.FDI_GDP/(ECI_HS92, GDP_capita, GFCF_GDP, Trade_GDP)",22,"-2.630e+01 
(2.734e+01)","-1.703e+01 
(1.562e+01)",-,-,-,"-6.798e-04 
(5.820e-04)",-,"1.182e+00* 
(6.077e-01)",0.4324,2.190000,"1.007442 
(0.34490588903044)","0.440980 
(0.660120441432931)","13.618735 
(0.627093672944993)","0.025833 
(0.872308006133162)","0.042558 
(0.840018290124854)","0.915202485327127** 
(0.0347508980260404)"
FDI_GDP <- ECI_HS92,"GDP_capita, School_enrollment, Trade_GDP","Model 23.FDI_GDP/(ECI_HS92, GDP_capita, School_enrollment, Trade_GDP)",23,"33.1371073 
(19.3602595)","-4.2068197 
(12.8960899)",-,-,-,"0.0009768 
(0.0006062)","-0.6119618** 
(0.1985174)",-,0.6617,3.876000**,"0.607972 
(0.461097404334399)","2.005006 
(0.215352552998084)","16.415509 
(0.494593459445587)","3.721753* 
(0.0537079413219966)","0.899134 
(0.363380818171542)","0.967290 
(0.554485100346077)"
FDI_GDP <- ECI_HS92,"GDP_capita, GovQualityIndex, Trade_GDP","Model 24.FDI_GDP/(ECI_HS92, GDP_capita, GovQualityIndex, Trade_GDP)",24,"2.225e+01 
(2.361e+01)","-3.229e+01 
(2.292e+01)",-,"1.243e+00 
(2.722e+00)",-,"-1.152e-03 
(6.422e-04)",-,-,0.3198,1.734000,"3.736247* 
(0.0893148314646767)","1.690148 
(0.251830856859661)","12.214460 
(0.729089492706234)","0.007878 
(0.929274421651597)","0.054890 
(0.818712323339806)","0.943682 
(0.164415955494326)"
FDI_GDP <- ECI_HS92,"GDP_capita, ICT_Index, Trade_GDP","Model 25.FDI_GDP/(ECI_HS92, GDP_capita, ICT_Index, Trade_GDP)",25,"-3.450e+01*** 
(1.069e+01)","-1.851e+01 
(1.135e+01)",-,-,"-9.051e+00*** 
(2.480e+00)","8.394e-04 
(5.182e-04)",-,-,0.5723,3.389000**,"2.304275 
(0.159978628558558)","1.133926 
(0.363752714501418)","17.028604 
(0.254656766386648)","1.873628 
(0.171060119556324)","0.112939 
(0.741805893819273)","0.979361 
(0.86007417974765)"
FDI_GDP <- ECI_HS92,"GFCF_GDP, School_enrollment, Trade_GDP","Model 26.FDI_GDP/(ECI_HS92, GFCF_GDP, School_enrollment, Trade_GDP)",26,"31.22572 
(37.29988)","-24.70589** 
(11.13768)",-,-,-,-,"-0.51639** 
(0.21402)","0.56174 
(0.58026)",0.567,3.339000**,"0.614470 
(0.451277458565586)","0.436480 
(0.659292572565685)","14.945705 
(0.381876317428851)","0.050912 
(0.821483724044185)","0.656012 
(0.431523594531738)","0.964145 
(0.479618127835693)"
FDI_GDP <- ECI_HS92,"GFCF_GDP, GovQualityIndex, Trade_GDP","Model 27.FDI_GDP/(ECI_HS92, GFCF_GDP, GovQualityIndex, Trade_GDP)",27,"-58.2493*** 
(13.6474)","-7.1546 
(5.5805)",-,"2.6743 
(1.5478)",-,-,-,"2.4519*** 
(0.6064)",0.551,3.192000**,"0.069838 
(0.796939376733329)","0.045807 
(0.955447128729023)","4.940874 
(0.986618633464095)","0.182659 
(0.669097984853383)","0.042782 
(0.839114912047877)","0.940737 
(0.139864232179753)"
FDI_GDP <- ECI_HS92,"GFCF_GDP, ICT_Index, Trade_GDP","Model 28.FDI_GDP/(ECI_HS92, GFCF_GDP, ICT_Index, Trade_GDP)",28,"-41.36532** 
(16.28294)","-18.12369 
(10.50603)",-,-,"-3.55764 
(2.13137)",-,-,"0.96837 
(0.58228)",0.5462,3.150000**,"0.121141 
(0.735015258064375)","2.862460 
(0.109107130532443)","18.055124 
(0.20428172615248)","0.234162 
(0.628454563644755)","0.127874 
(0.725980481917771)","0.964377 
(0.484908757737596)"
FDI_GDP <- ECI_HS92,"GovQualityIndex, School_enrollment, Trade_GDP","Model 29.FDI_GDP/(ECI_HS92, GovQualityIndex, School_enrollment, Trade_GDP)",29,"15.86561 
(38.22102)","0.85167 
(21.79978)",-,"-7.02912 
(4.02855)",-,-,"-0.54360* 
(0.19921)",-,0.886,9.884000**,"3.497924 
(0.202362038420033)","64.885096* 
(0.0874471415256396)","24.006076 
(0.292764212270573)","0.268711 
(0.604197906856438)","0.921671 
(0.374110269655574)","0.907184738582974** 
(0.0263878305103419)"
FDI_GDP <- ECI_HS92,"ICT_Index, School_enrollment, Trade_GDP","Model 30.FDI_GDP/(ECI_HS92, ICT_Index, School_enrollment, Trade_GDP)",30,"43.09395 
(28.31662)","-37.24522*** 
(9.51791)",-,-,"-2.16792 
(3.21237)",-,"-0.49923* 
(0.23894)",-,0.5922,3.420000**,"8.38361340914853** 
(0.0177263108968872)","7.19829826217319** 
(0.0162791544284941)","21.352092 
(0.125952009182403)","4.53265386730507** 
(0.0332540103849857)","0.000097 
(0.992299640861991)","0.979339 
(0.859596466134831)"
FDI_GDP <- ECI_HS92,"GovQualityIndex, ICT_Index, Trade_GDP","Model 31.FDI_GDP/(ECI_HS92, GovQualityIndex, ICT_Index, Trade_GDP)",31,"5.0537 
(15.4103)","-42.2419* 
(21.2430)",-,"4.3648 
(3.1801)","-6.4806** 
(2.6796)",-,-,-,0.5484,2.786000*,"0.660458 
(0.443155841431985)","1.988484 
(0.217499406219226)","17.479435 
(0.422368899154954)","0.074597 
(0.784757930595703)","1.087943 
(0.319308836932621)","0.989887 
(0.994496988279983)"
FDI_GDP <- ECI_HS92,"GDP_capita, GFCF_GDP, School_enrollment","Model 32.FDI_GDP/(ECI_HS92, GDP_capita, GFCF_GDP, School_enrollment)",32,"7.784e+01** 
(3.002e+01)","-2.696e+01 
(1.651e+01)",-,-,-,"5.101e-04 
(4.749e-04)","-8.072e-01*** 
(1.991e-01)","-2.717e-01 
(6.534e-01)",0.6269,3.625000**,"0.003171 
(0.95647115495449)","0.987972 
(0.418853845340051)","15.481557 
(0.48969116733421)","4.32343277943094** 
(0.0375910157001392)","0.161666 
(0.694696908251869)","0.960444 
(0.400338411032828)"
FDI_GDP <- ECI_HS92,"GDP_capita, GFCF_GDP, GovQualityIndex","Model 33.FDI_GDP/(ECI_HS92, GDP_capita, GFCF_GDP, GovQualityIndex)",33,"-7.886e+01*** 
(1.877e+01)","8.265e-01 
(1.187e+01)",-,"3.617e+00*** 
(1.046e+00)",-,"4.048e-04 
(4.104e-04)",-,"3.648e+00*** 
(8.072e-01)",0.556,2.957000*,"3.309367 
(0.106387738173502)","1.708704 
(0.248704885833007)","8.754522 
(0.923177276276951)","0.701260 
(0.402360528899879)","0.489090 
(0.497665994524326)","0.947709 
(0.204848653679429)"
FDI_GDP <- ECI_HS92,"GDP_capita, GFCF_GDP, ICT_Index","Model 34.FDI_GDP/(ECI_HS92, GDP_capita, GFCF_GDP, ICT_Index)",34,"-1.488e+01 
(8.511e+00)","-2.183e+01** 
(8.727e+00)",-,-,"-7.521e+00** 
(3.093e+00)","4.043e-04 
(3.805e-04)",-,"3.199e-01 
(4.291e-01)",0.3908,2.145000,"2.743219 
(0.128665045843247)","2.587760 
(0.129469009777477)","19.141249 
(0.159621977020773)","1.169122 
(0.279581778304415)","0.270152 
(0.61134976194825)","0.977697 
(0.821679272917044)"
FDI_GDP <- ECI_HS92,"GDP_capita, GovQualityIndex, School_enrollment","Model 35.FDI_GDP/(ECI_HS92, GDP_capita, GovQualityIndex, School_enrollment)",35,"5.220e+01*** 
(1.045e+01)","-8.338e+00 
(1.078e+01)",-,"-5.679e-01 
(8.985e-01)",-,"6.708e-04* 
(3.534e-04)","-6.073e-01*** 
(1.268e-01)",-,0.5689,3.538000**,"5.00869986409749** 
(0.0468641524371426)","4.016540* 
(0.0524385313445647)","20.099098* 
(0.0927666760313144)","2.125979 
(0.144820243148607)","0.041775 
(0.840796410664136)","0.978849 
(0.848603960134942)"
FDI_GDP <- ECI_HS92,"GDP_capita, ICT_Index, School_enrollment","Model 36.FDI_GDP/(ECI_HS92, GDP_capita, ICT_Index, School_enrollment)",36,"2.456e+01 
(2.981e+01)","-5.421e+01* 
(2.356e+01)",-,-,"-3.155e+00 
(3.880e+00)","-7.917e-04 
(1.006e-03)","-2.402e-01 
(3.235e-01)",-,0.6387,3.456000*,"8.05956544239666** 
(0.0296082194825773)","3.955179* 
(0.0933424828575717)","19.437426 
(0.365364881616715)","0.498317 
(0.480240575729541)","0.012523 
(0.913113584526856)","0.963155 
(0.457421636088184)"
FDI_GDP <- ECI_HS92,"GDP_capita, GovQualityIndex, ICT_Index","Model 37.FDI_GDP/(ECI_HS92, GDP_capita, GovQualityIndex, ICT_Index)",37,"-1.297e+01*** 
(3.352e+00)","-3.183e+01*** 
(6.505e+00)",-,"2.496e+00 
(1.403e+00)","-1.233e+01*** 
(2.889e+00)","1.028e-03** 
(4.513e-04)",-,-,0.7024,4.688000**,"0.001882 
(0.966455893707371)","0.021107 
(0.979176232558293)","16.023577 
(0.45131647838121)","0.408870 
(0.522543655856341)","3.153153 
(0.101122202190332)","0.967932 
(0.570480339492498)"
FDI_GDP <- ECI_HS92,"GFCF_GDP, GovQualityIndex, School_enrollment","Model 38.FDI_GDP/(ECI_HS92, GFCF_GDP, GovQualityIndex, School_enrollment)",38,"17.79059 
(15.76758)","-28.09394*** 
(6.35720)",-,"1.95784** 
(0.86753)",-,-,"-0.43193*** 
(0.11928)","1.04096** 
(0.37689)",0.6942,5.366000***,"1.165890 
(0.303353636885653)","0.761560 
(0.492208932458474)","10.306828 
(0.668672059342849)","0.224362 
(0.63573584790026)","0.074255 
(0.7889550557007)","0.929232* 
(0.074299647740747)"
FDI_GDP <- ECI_HS92,"GFCF_GDP, ICT_Index, School_enrollment","Model 39.FDI_GDP/(ECI_HS92, GFCF_GDP, ICT_Index, School_enrollment)",39,"67.3684*** 
(19.1989)","-21.4146** 
(7.3277)",-,-,"5.0282* 
(2.4358)",-,"-0.8451*** 
(0.1840)","0.5547 
(0.3361)",0.652,4.123000**,"0.020226 
(0.890040009334767)","0.711206 
(0.51965060921547)","15.778079 
(0.396952060030623)","0.276341 
(0.599109369184286)","0.040236 
(0.844123462127747)","0.971120 
(0.65254166861851)"
FDI_GDP <- ECI_HS92,"GFCF_GDP, GovQualityIndex, ICT_Index","Model 40.FDI_GDP/(ECI_HS92, GFCF_GDP, GovQualityIndex, ICT_Index)",40,"-30.1823*** 
(7.2736)","-21.2454*** 
(5.6931)",-,"1.5393** 
(0.5579)","-4.0638*** 
(1.2928)",-,-,"1.3899*** 
(0.3280)",0.7339,6.305000***,"0.024058 
(0.879546408045028)","0.097817 
(0.907671791201453)","11.625581 
(0.558558901389346)","0.224218 
(0.635844733215247)","0.001468 
(0.969946783623524)","0.979805 
(0.869754085710515)"
FDI_GDP <- ECI_HS92,"GovQualityIndex, ICT_Index, School_enrollment","Model 41.FDI_GDP/(ECI_HS92, GovQualityIndex, ICT_Index, School_enrollment)",41,"101.4529*** 
(27.4152)","-13.2901 
(11.4343)",-,"-1.5859 
(1.2569)","8.2316* 
(3.9246)",-,"-1.0453*** 
(0.2825)",-,0.6092,3.598000**,"0.405307 
(0.540213279866946)","0.934477 
(0.431793002374928)","18.838696 
(0.221136689081255)","0.107340 
(0.743192663301881)","0.095287 
(0.762451929461476)","0.958040 
(0.354447215427276)"
FDI_GDP <- ECI_HS92,"GDP_capita, GFCF_GDP, GovQualityIndex, Trade_GDP","Model 43.FDI_GDP/(ECI_HS92, GDP_capita, GFCF_GDP, GovQualityIndex, Trade_GDP)",43,"-4.943e+01** 
(2.053e+01)","-1.768e+01 
(1.660e+01)",-,"2.505e+00 
(1.551e+00)",-,"-3.262e-04 
(4.706e-04)",-,"2.162e+00*** 
(5.039e-01)",0.5468,2.885000*,"0.366931 
(0.561469753253853)","0.173053 
(0.844584107977712)","13.195311 
(0.658427172407046)","0.010764 
(0.917367976687583)","0.086476 
(0.773348295733429)","0.924832* 
(0.0584253496344293)"
FDI_GDP <- ECI_HS92,"GDP_capita, GFCF_GDP, ICT_Index, Trade_GDP","Model 44.FDI_GDP/(ECI_HS92, GDP_capita, GFCF_GDP, ICT_Index, Trade_GDP)",44,"-4.122e+01* 
(1.914e+01)","-2.318e+01 
(1.587e+01)",-,-,"-5.641e+00* 
(2.792e+00)","2.354e-04 
(4.971e-04)",-,"3.980e-01 
(7.351e-01)",0.5288,2.650000*,"0.753542 
(0.41412428670813)","0.812267 
(0.487319672597503)","18.926009 
(0.332795663826575)","0.269584 
(0.603610653380065)","0.007851 
(0.930857789315184)","0.972811 
(0.697017018951692)"
FDI_GDP <- ECI_HS92,"GDP_capita, ICT_Index, School_enrollment, Trade_GDP","Model 46.FDI_GDP/(ECI_HS92, GDP_capita, ICT_Index, School_enrollment, Trade_GDP)",46,"1.019e+01 
(4.593e+01)","-3.828e+01* 
(1.787e+01)",-,-,-,"3.451e-04 
(6.103e-04)",-,-,0.7153,3.991000*,"1.601311 
(0.295067042259986)","0.687420 
(0.592620862634589)","22.203672 
(0.387855606486955)","2.774296* 
(0.0957887596900063)","0.099683 
(0.760289865874045)","0.976607 
(0.795024333289461)"
FDI_GDP <- ECI_HS92,"GDP_capita, GovQualityIndex, ICT_Index, Trade_GDP","Model 47.FDI_GDP/(ECI_HS92, GDP_capita, GovQualityIndex, ICT_Index, Trade_GDP)",47,"1.739e+01 
(1.145e+01)","-8.406e+01** 
(1.446e+01)",-,-,-,"1.763e-03** 
(3.994e-04)",-,-,0.8963,10.830000**,"0.921245 
(0.438430431329775)","0.395526 
(0.747215463552227)","24.849402 
(0.304330662490106)","0.062859 
(0.802032170385647)","0.428727 
(0.533530350670341)","0.952789 
(0.269286297178637)"
FDI_GDP <- ECI_HS92,"GFCF_GDP, GovQualityIndex, School_enrollment, Trade_GDP","Model 48.FDI_GDP/(ECI_HS92, GFCF_GDP, GovQualityIndex, School_enrollment, Trade_GDP)",48,"254.4290* 
(102.1611)","-127.6600** 
(39.0023)",-,"10.4291* 
(3.4475)",-,-,"-1.7520* 
(0.5751)","-1.7013 
(1.5109)",0.6754,3.364000,"0.500991 
(0.55243230577147)","0.321351 
(0.780226265384231)","21.968681 
(0.461759438047762)","0.114983 
(0.734541037225736)","0.364470 
(0.56507657855669)","0.978169 
(0.832891746113964)"
FDI_GDP <- ECI_HS92,"GFCF_GDP, GovQualityIndex, ICT_Index, Trade_GDP","Model 50.FDI_GDP/(ECI_HS92, GFCF_GDP, GovQualityIndex, ICT_Index, Trade_GDP)",50,"62.0861 
(61.7066)","-48.3035 
(27.5492)",-,"1.8498 
(3.0045)","-11.6221 
(5.7801)",-,-,"-3.0693 
(2.3974)",0.8555,7.728000*,"1.274484 
(0.376127686656192)","8626.190281*** 
(0.00761312392351388)","21.821542 
(0.470582816410035)","0.190775 
(0.662272199866516)","0.991803 
(0.352474188311805)","0.967923 
(0.570264467811823)"
FDI_GDP <- ECI_HS92,"GovQualityIndex, ICT_Index, School_enrollment, Trade_GDP","Model 51.FDI_GDP/(ECI_HS92, GovQualityIndex, ICT_Index, School_enrollment, Trade_GDP)",51,"109.59042** 
(37.26461)","-80.81502*** 
(15.12977)",-,"0.84413 
(1.93516)","-0.73573 
(4.54514)",-,"-1.14092** 
(0.35667)",-,0.9033,12.120000**,"5.485565 
(0.101025937984275)","5.772507 
(0.14765580810876)","21.925263 
(0.403827658410563)","0.567476 
(0.451263516954689)","0.155872 
(0.703303120000045)","0.952925 
(0.271230115844477)"
FDI_GDP <- ECI_HS92,"GDP_capita, GFCF_GDP, GovQualityIndex, School_enrollment","Model 52.FDI_GDP/(ECI_HS92, GDP_capita, GFCF_GDP, GovQualityIndex, School_enrollment)",52,"1.091e+02 
(5.859e+01)","-4.544e+01 
(2.381e+01)",-,"8.463e-01 
(1.260e+00)",-,"2.361e-04 
(5.182e-04)","-9.601e-01** 
(3.038e-01)","-1.024e+00 
(1.469e+00)",0.698,4.041000**,"2.686008 
(0.162158435969999)","1.202316 
(0.390060298588355)","15.355249 
(0.699767006271051)","0.112021 
(0.737855003320724)","0.184960 
(0.676265727466775)","0.917531237471067** 
(0.0393671476955218)"
FDI_GDP <- ECI_HS92,"GDP_capita, GFCF_GDP, ICT_Index, School_enrollment","Model 53.FDI_GDP/(ECI_HS92, GDP_capita, GFCF_GDP, ICT_Index, School_enrollment)",53,"1.184e+02*** 
(1.770e+01)","-1.636e+02*** 
(2.469e+01)",-,-,-,"-4.408e-03** 
(8.280e-04)",-,-,0.9289,15.840000**,"0.273227 
(0.653310928084359)","0.353025 
(0.765603794739807)","23.237515 
(0.388423408682317)","2.183530 
(0.139494186003939)","0.140046 
(0.719313713615995)","0.973086 
(0.704265378673981)"
FDI_GDP <- ECI_HS92,"GDP_capita, GFCF_GDP, GovQualityIndex, ICT_Index","Model 54.FDI_GDP/(ECI_HS92, GDP_capita, GFCF_GDP, GovQualityIndex, ICT_Index)",54,"-4.317e+01*** 
(6.099e+00)","-1.525e+01* 
(7.275e+00)",-,"-2.199e+00* 
(1.071e+00)","1.957e+00 
(2.853e+00)","-9.194e-04 
(4.748e-04)",-,"2.145e+00*** 
(3.285e-01)",0.9188,15.880000***,"3.587824 
(0.116735712914757)","1.438136 
(0.338387157617673)","21.101991 
(0.331192853342528)","1.843906 
(0.174493783966096)","0.378027 
(0.552393537036861)","0.968716 
(0.590306769187492)"
FDI_GDP <- ECI_HS92,"GDP_capita, GovQualityIndex, ICT_Index, School_enrollment","Model 55.FDI_GDP/(ECI_HS92, GDP_capita, GovQualityIndex, ICT_Index, School_enrollment)",55,"8.631e+01 
(5.125e+01)","-3.756e+01 
(2.813e+01)",-,"-3.296e+00 
(3.872e+00)","8.288e+00 
(1.140e+01)","-1.245e-03 
(1.305e-03)",-,-,0.6394,3.217000*,"11.1194517250037** 
(0.0289815665032645)","4.224131 
(0.134144406355935)","22.648733 
(0.306369777646856)","0.015338 
(0.901437823705265)","0.112195 
(0.745333090396312)","0.972331 
(0.684368734852443)"
FDI_GDP <- ECI_HS92,"GFCF_GDP, GovQualityIndex, ICT_Index, School_enrollment","Model 56.FDI_GDP/(ECI_HS92, GFCF_GDP, GovQualityIndex, ICT_Index, School_enrollment)",56,"106.2511** 
(24.0467)","-88.7056*** 
(11.8834)",-,-,-,-,-,"-4.1343** 
(0.8398)",0.963,30.560000***,"6.898365 
(0.119523081554137)","6.450774 
(0.268205952895804)","25.368310 
(0.279788026809163)","1.448466 
(0.228774299115862)","0.000069 
(0.993613668557768)","0.980151 
(0.877110606075502)"
FDI_GDP <- ECI_HS92,"GDP_capita, GFCF_GDP, GovQualityIndex, ICT_Index, Trade_GDP","Model 59.FDI_GDP/(ECI_HS92, GDP_capita, GFCF_GDP, GovQualityIndex, ICT_Index, Trade_GDP)",59,"-6.124e+01*** 
(1.406e+01)","-7.055e+00 
(1.074e+01)",-,"-1.318e-01 
(1.363e+00)","-8.251e+00*** 
(2.418e+00)","1.176e-03*** 
(2.993e-04)",-,"1.461e+00*** 
(3.930e-01)",0.8034,7.011000***,"0.243098 
(0.637066541412721)","0.182659 
(0.837516716336935)","16.283351 
(0.503844100177456)","0.618880 
(0.431463764662683)","0.034807 
(0.854880527661909)","0.977679 
(0.821255052018397)"
FDI_GDP <- ECI_HS92,"GDP_capita, GovQualityIndex, ICT_Index, School_enrollment, Trade_GDP","Model 60.FDI_GDP/(ECI_HS92, GDP_capita, GovQualityIndex, ICT_Index, School_enrollment, Trade_GDP)",60,"6.055e+01 
(4.529e+01)","-1.590e+01 
(1.594e+01)",-,"-6.671e-01 
(2.635e+00)","-2.644e+00 
(7.257e+00)","1.169e-03* 
(5.280e-04)","-7.600e-01 
(4.200e-01)",-,0.6753,3.736000*,"0.610089 
(0.470101816593238)","0.512639 
(0.633577557446471)","21.786561 
(0.29500724015678)","0.108575 
(0.741772832197336)","2.133387 
(0.172088285765856)","0.985932 
(0.968989260268588)"
FDI_GDP <- ECI_HS92,"GFCF_GDP, GovQualityIndex, ICT_Index, School_enrollment, Trade_GDP","Model 61.FDI_GDP/(ECI_HS92, GFCF_GDP, GovQualityIndex, ICT_Index, School_enrollment, Trade_GDP)",61,"71.22482 
(78.53357)","-17.66551 
(20.20362)",-,"-2.52956 
(3.14667)","5.82233 
(6.85257)",-,"-0.93201 
(0.58816)","0.64444 
(0.96228)",0.5258,2.540000,"1.357238 
(0.288234884840031)","1.159824 
(0.385655578930266)","18.861921 
(0.400372309500243)","1.572189 
(0.209889428224959)","0.111530 
(0.74417237946114)","0.961815 
(0.428514681450055)"
FDI_GDP <- ECI_HS92,"GDP_capita, GFCF_GDP, GovQualityIndex, ICT_Index, School_enrollment","Model 62.FDI_GDP/(ECI_HS92, GDP_capita, GFCF_GDP, GovQualityIndex, ICT_Index, School_enrollment)",62,"-8.671e+01** 
(3.785e+01)","-3.264e+01*** 
(7.079e+00)",-,"4.896e+00** 
(1.525e+00)","-1.656e+01*** 
(4.609e+00)","1.264e-03*** 
(3.449e-04)","4.298e-01 
(2.811e-01)","1.552e+00** 
(5.518e-01)",0.7452,5.569000***,"1.306393 
(0.286098210683406)","1.024538 
(0.407125374529797)","14.122909 
(0.589557743542767)","1.249256 
(0.263694640022449)","0.003695 
(0.952388772433433)","0.964583 
(0.489657297409855)"
FDI_GDP <- ECI_HS92,"GDP_capita, GFCF_GDP, GovQualityIndex, ICT_Index, School_enrollment, Trade_GDP","Model 63.FDI_GDP/(ECI_HS92, GDP_capita, GFCF_GDP, GovQualityIndex, ICT_Index, School_enrollment, Trade_GDP)",63,"-1.272e+02* 
(5.273e+01)","-6.845e+00 
(1.569e+01)",-,-,-,"1.555e-03** 
(4.667e-04)",-,-,0.7696,5.175000**,"0.663635 
(0.460999585811137)","0.500880 
(0.649090603311344)","11.634846 
(0.928071153892905)","1.005749 
(0.315923438040981)","1.482849 
(0.248806124848809)","0.950726 
(0.241134488172701)"
